Date,Timestamp,Price
2023-11-02 00:00:00,1698883200000.0,35457.45491210553
2023-11-02 04:00:00,,
2023-11-02 08:00:00,,
2023-11-02 12:00:00,,
2023-11-02 16:00:00,,
2023-11-02 20:00:00,,
2023-11-03 00:00:00,1698969600000.0,34924.05545044328
2023-11-03 04:00:00,,
2023-11-03 08:00:00,,
2023-11-03 12:00:00,,
2023-11-03 16:00:00,,
2023-11-03 20:00:00,,
2023-11-04 00:00:00,1699056000000.0,34731.38136896784
2023-11-04 04:00:00,,
2023-11-04 08:00:00,,
2023-11-04 12:00:00,,
2023-11-04 16:00:00,,
2023-11-04 20:00:00,,
2023-11-05 00:00:00,1699142400000.0,35048.407834901074
2023-11-05 04:00:00,,
2023-11-05 08:00:00,,
2023-11-05 12:00:00,,
2023-11-05 16:00:00,,
2023-11-05 20:00:00,,
2023-11-06 00:00:00,1699228800000.0,35061.92874919579
2023-11-06 04:00:00,,
2023-11-06 08:00:00,,
2023-11-06 12:00:00,,
2023-11-06 16:00:00,,
2023-11-06 20:00:00,,
2023-11-07 00:00:00,1699315200000.0,35031.26888208706
2023-11-07 04:00:00,,
2023-11-07 08:00:00,,
2023-11-07 12:00:00,,
2023-11-07 16:00:00,,
2023-11-07 20:00:00,,
2023-11-08 00:00:00,1699401600000.0,35436.53762957962
2023-11-08 04:00:00,,
2023-11-08 08:00:00,,
2023-11-08 12:00:00,,
2023-11-08 16:00:00,,
2023-11-08 20:00:00,,
2023-11-09 00:00:00,1699488000000.0,35795.080630710196
2023-11-09 04:00:00,,
2023-11-09 08:00:00,,
2023-11-09 12:00:00,,
2023-11-09 16:00:00,,
2023-11-09 20:00:00,,
2023-11-10 00:00:00,1699574400000.0,36768.42081912672
2023-11-10 04:00:00,,
2023-11-10 08:00:00,,
2023-11-10 12:00:00,,
2023-11-10 16:00:00,,
2023-11-10 20:00:00,,
2023-11-11 00:00:00,1699660800000.0,37344.249000720345
2023-11-11 04:00:00,,
2023-11-11 08:00:00,,
2023-11-11 12:00:00,,
2023-11-11 16:00:00,,
2023-11-11 20:00:00,,
2023-11-12 00:00:00,1699747200000.0,37122.722824306555
2023-11-12 04:00:00,,
2023-11-12 08:00:00,,
2023-11-12 12:00:00,,
2023-11-12 16:00:00,,
2023-11-12 20:00:00,,
2023-11-13 00:00:00,1699833600000.0,37067.69698212008
2023-11-13 04:00:00,,
2023-11-13 08:00:00,,
2023-11-13 12:00:00,,
2023-11-13 16:00:00,,
2023-11-13 20:00:00,,
2023-11-14 00:00:00,1699920000000.0,36549.16204829837
2023-11-14 04:00:00,,
2023-11-14 08:00:00,,
2023-11-14 12:00:00,,
2023-11-14 16:00:00,,
2023-11-14 20:00:00,,
2023-11-15 00:00:00,1700006400000.0,35545.201433454065
2023-11-15 04:00:00,,
2023-11-15 08:00:00,,
2023-11-15 12:00:00,,
2023-11-15 16:00:00,,
2023-11-15 20:00:00,,
2023-11-16 00:00:00,1700092800000.0,37903.66245166294
2023-11-16 04:00:00,,
2023-11-16 08:00:00,,
2023-11-16 12:00:00,,
2023-11-16 16:00:00,,
2023-11-16 20:00:00,,
2023-11-17 00:00:00,1700179200000.0,36201.51611146142
2023-11-17 04:00:00,,
2023-11-17 08:00:00,,
2023-11-17 12:00:00,,
2023-11-17 16:00:00,,
2023-11-17 20:00:00,,
2023-11-18 00:00:00,1700265600000.0,36527.76022530742
2023-11-18 04:00:00,,
2023-11-18 08:00:00,,
2023-11-18 12:00:00,,
2023-11-18 16:00:00,,
2023-11-18 20:00:00,,
2023-11-19 00:00:00,1700352000000.0,36582.36844192274
2023-11-19 04:00:00,,
2023-11-19 08:00:00,,
2023-11-19 12:00:00,,
2023-11-19 16:00:00,,
2023-11-19 20:00:00,,
2023-11-20 00:00:00,1700438400000.0,37413.99460790531
2023-11-20 04:00:00,,
2023-11-20 08:00:00,,
2023-11-20 12:00:00,,
2023-11-20 16:00:00,,
2023-11-20 20:00:00,,
2023-11-21 00:00:00,1700524800000.0,37489.298470802016
2023-11-21 04:00:00,,
2023-11-21 08:00:00,,
2023-11-21 12:00:00,,
2023-11-21 16:00:00,,
2023-11-21 20:00:00,,
2023-11-22 00:00:00,1700611200000.0,35965.36036068078
2023-11-22 04:00:00,,
2023-11-22 08:00:00,,
2023-11-22 12:00:00,,
2023-11-22 16:00:00,,
2023-11-22 20:00:00,,
2023-11-23 00:00:00,1700697600000.0,37464.83293220907
2023-11-23 04:00:00,,
2023-11-23 08:00:00,,
2023-11-23 12:00:00,,
2023-11-23 16:00:00,,
2023-11-23 20:00:00,,
2023-11-24 00:00:00,1700784000000.0,37293.316127426726
2023-11-24 04:00:00,,
2023-11-24 08:00:00,,
2023-11-24 12:00:00,,
2023-11-24 16:00:00,,
2023-11-24 20:00:00,,
2023-11-25 00:00:00,1700870400000.0,37738.93169747125
2023-11-25 04:00:00,,
2023-11-25 08:00:00,,
2023-11-25 12:00:00,,
2023-11-25 16:00:00,,
2023-11-25 20:00:00,,
2023-11-26 00:00:00,1700956800000.0,37809.85286625321
2023-11-26 04:00:00,,
2023-11-26 08:00:00,,
2023-11-26 12:00:00,,
2023-11-26 16:00:00,,
2023-11-26 20:00:00,,
2023-11-27 00:00:00,1701043200000.0,37491.838186008135
2023-11-27 04:00:00,,
2023-11-27 08:00:00,,
2023-11-27 12:00:00,,
2023-11-27 16:00:00,,
2023-11-27 20:00:00,,
2023-11-28 00:00:00,1701129600000.0,37250.16905148115
2023-11-28 04:00:00,,
2023-11-28 08:00:00,,
2023-11-28 12:00:00,,
2023-11-28 16:00:00,,
2023-11-28 20:00:00,,
2023-11-29 00:00:00,1701216000000.0,37802.23604377473
2023-11-29 04:00:00,,
2023-11-29 08:00:00,,
2023-11-29 12:00:00,,
2023-11-29 16:00:00,,
2023-11-29 20:00:00,,
2023-11-30 00:00:00,1701302400000.0,37810.34641654128
2023-11-30 04:00:00,,
2023-11-30 08:00:00,,
2023-11-30 12:00:00,,
2023-11-30 16:00:00,,
2023-11-30 20:00:00,,
2023-12-01 00:00:00,1701388800000.0,37711.81837585267
2023-12-01 04:00:00,,
2023-12-01 08:00:00,,
2023-12-01 12:00:00,,
2023-12-01 16:00:00,,
2023-12-01 20:00:00,,
2023-12-02 00:00:00,1701475200000.0,38688.25874179069
2023-12-02 04:00:00,,
2023-12-02 08:00:00,,
2023-12-02 12:00:00,,
2023-12-02 16:00:00,,
2023-12-02 20:00:00,,
2023-12-03 00:00:00,1701561600000.0,39481.666416062864
2023-12-03 04:00:00,,
2023-12-03 08:00:00,,
2023-12-03 12:00:00,,
2023-12-03 16:00:00,,
2023-12-03 20:00:00,,
2023-12-04 00:00:00,1701648000000.0,39960.275420410515
2023-12-04 04:00:00,,
2023-12-04 08:00:00,,
2023-12-04 12:00:00,,
2023-12-04 16:00:00,,
2023-12-04 20:00:00,,
2023-12-05 00:00:00,1701734400000.0,41974.331772543344
2023-12-05 04:00:00,,
2023-12-05 08:00:00,,
2023-12-05 12:00:00,,
2023-12-05 16:00:00,,
2023-12-05 20:00:00,,
2023-12-06 00:00:00,1701820800000.0,44105.94477259938
2023-12-06 04:00:00,,
2023-12-06 08:00:00,,
2023-12-06 12:00:00,,
2023-12-06 16:00:00,,
2023-12-06 20:00:00,,
2023-12-07 00:00:00,1701907200000.0,43788.28880825234
2023-12-07 04:00:00,,
2023-12-07 08:00:00,,
2023-12-07 12:00:00,,
2023-12-07 16:00:00,,
2023-12-07 20:00:00,,
2023-12-08 00:00:00,1701993600000.0,43270.11955970747
2023-12-08 04:00:00,,
2023-12-08 08:00:00,,
2023-12-08 12:00:00,,
2023-12-08 16:00:00,,
2023-12-08 20:00:00,,
2023-12-09 00:00:00,1702080000000.0,44202.17610943621
2023-12-09 04:00:00,,
2023-12-09 08:00:00,,
2023-12-09 12:00:00,,
2023-12-09 16:00:00,,
2023-12-09 20:00:00,,
2023-12-10 00:00:00,1702166400000.0,43745.49199189547
2023-12-10 04:00:00,,
2023-12-10 08:00:00,,
2023-12-10 12:00:00,,
2023-12-10 16:00:00,,
2023-12-10 20:00:00,,
2023-12-11 00:00:00,1702252800000.0,43757.959937619176
2023-12-11 04:00:00,,
2023-12-11 08:00:00,,
2023-12-11 12:00:00,,
2023-12-11 16:00:00,,
2023-12-11 20:00:00,,
2023-12-12 00:00:00,1702339200000.0,41200.96272610168
2023-12-12 04:00:00,,
2023-12-12 08:00:00,,
2023-12-12 12:00:00,,
2023-12-12 16:00:00,,
2023-12-12 20:00:00,,
2023-12-13 00:00:00,1702425600000.0,41450.819387377436
2023-12-13 04:00:00,,
2023-12-13 08:00:00,,
2023-12-13 12:00:00,,
2023-12-13 16:00:00,,
2023-12-13 20:00:00,,
2023-12-14 00:00:00,1702512000000.0,42931.76182603245
2023-12-14 04:00:00,,
2023-12-14 08:00:00,,
2023-12-14 12:00:00,,
2023-12-14 16:00:00,,
2023-12-14 20:00:00,,
2023-12-15 00:00:00,1702598400000.0,43009.5954563739
2023-12-15 04:00:00,,
2023-12-15 08:00:00,,
2023-12-15 12:00:00,,
2023-12-15 16:00:00,,
2023-12-15 20:00:00,,
2023-12-16 00:00:00,1702684800000.0,41992.01418722399
2023-12-16 04:00:00,,
2023-12-16 08:00:00,,
2023-12-16 12:00:00,,
2023-12-16 16:00:00,,
2023-12-16 20:00:00,,
2023-12-17 00:00:00,1702771200000.0,42247.06788172229
2023-12-17 04:00:00,,
2023-12-17 08:00:00,,
2023-12-17 12:00:00,,
2023-12-17 16:00:00,,
2023-12-17 20:00:00,,
2023-12-18 00:00:00,1702857600000.0,41410.819634575855
2023-12-18 04:00:00,,
2023-12-18 08:00:00,,
2023-12-18 12:00:00,,
2023-12-18 16:00:00,,
2023-12-18 20:00:00,,
2023-12-19 00:00:00,1702944000000.0,42684.182554683386
2023-12-19 04:00:00,,
2023-12-19 08:00:00,,
2023-12-19 12:00:00,,
2023-12-19 16:00:00,,
2023-12-19 20:00:00,,
2023-12-20 00:00:00,1703030400000.0,42250.206182797505
2023-12-20 04:00:00,,
2023-12-20 08:00:00,,
2023-12-20 12:00:00,,
2023-12-20 16:00:00,,
2023-12-20 20:00:00,,
2023-12-21 00:00:00,1703116800000.0,43634.1241684964
2023-12-21 04:00:00,,
2023-12-21 08:00:00,,
2023-12-21 12:00:00,,
2023-12-21 16:00:00,,
2023-12-21 20:00:00,,
2023-12-22 00:00:00,1703203200000.0,43849.69959939619
2023-12-22 04:00:00,,
2023-12-22 08:00:00,,
2023-12-22 12:00:00,,
2023-12-22 16:00:00,,
2023-12-22 20:00:00,,
2023-12-23 00:00:00,1703289600000.0,44003.6960216438
2023-12-23 04:00:00,,
2023-12-23 08:00:00,,
2023-12-23 12:00:00,,
2023-12-23 16:00:00,,
2023-12-23 20:00:00,,
2023-12-24 00:00:00,1703376000000.0,43752.03088478376
2023-12-24 04:00:00,,
2023-12-24 08:00:00,,
2023-12-24 12:00:00,,
2023-12-24 16:00:00,,
2023-12-24 20:00:00,,
2023-12-25 00:00:00,1703462400000.0,43034.971063091514
2023-12-25 04:00:00,,
2023-12-25 08:00:00,,
2023-12-25 12:00:00,,
2023-12-25 16:00:00,,
2023-12-25 20:00:00,,
2023-12-26 00:00:00,1703548800000.0,43638.236302200916
2023-12-26 04:00:00,,
2023-12-26 08:00:00,,
2023-12-26 12:00:00,,
2023-12-26 16:00:00,,
2023-12-26 20:00:00,,
2023-12-27 00:00:00,1703635200000.0,42516.426940282516
2023-12-27 04:00:00,,
2023-12-27 08:00:00,,
2023-12-27 12:00:00,,
2023-12-27 16:00:00,,
2023-12-27 20:00:00,,
2023-12-28 00:00:00,1703721600000.0,43418.46777504291
2023-12-28 04:00:00,,
2023-12-28 08:00:00,,
2023-12-28 12:00:00,,
2023-12-28 16:00:00,,
2023-12-28 20:00:00,,
2023-12-29 00:00:00,1703808000000.0,42600.65063315619
2023-12-29 04:00:00,,
2023-12-29 08:00:00,,
2023-12-29 12:00:00,,
2023-12-29 16:00:00,,
2023-12-29 20:00:00,,
2023-12-30 00:00:00,1703894400000.0,42074.70715618848
2023-12-30 04:00:00,,
2023-12-30 08:00:00,,
2023-12-30 12:00:00,,
2023-12-30 16:00:00,,
2023-12-30 20:00:00,,
2023-12-31 00:00:00,1703980800000.0,42220.61140121376
2023-12-31 04:00:00,,
2023-12-31 08:00:00,,
2023-12-31 12:00:00,,
2023-12-31 16:00:00,,
2023-12-31 20:00:00,,
2024-01-01 00:00:00,1704067200000.0,42208.202176186474
2024-01-01 04:00:00,,
2024-01-01 08:00:00,,
2024-01-01 12:00:00,,
2024-01-01 16:00:00,,
2024-01-01 20:00:00,,
2024-01-02 00:00:00,1704153600000.0,44168.68118687473
2024-01-02 04:00:00,,
2024-01-02 08:00:00,,
2024-01-02 12:00:00,,
2024-01-02 16:00:00,,
2024-01-02 20:00:00,,
2024-01-03 00:00:00,1704240000000.0,44994.67388689237
2024-01-03 04:00:00,,
2024-01-03 08:00:00,,
2024-01-03 12:00:00,,
2024-01-03 16:00:00,,
2024-01-03 20:00:00,,
2024-01-04 00:00:00,1704326400000.0,42821.558989157995
2024-01-04 04:00:00,,
2024-01-04 08:00:00,,
2024-01-04 12:00:00,,
2024-01-04 16:00:00,,
2024-01-04 20:00:00,,
2024-01-05 00:00:00,1704412800000.0,44195.57856209971
2024-01-05 04:00:00,,
2024-01-05 08:00:00,,
2024-01-05 12:00:00,,
2024-01-05 16:00:00,,
2024-01-05 20:00:00,,
2024-01-06 00:00:00,1704499200000.0,44113.69973389081
2024-01-06 04:00:00,,
2024-01-06 08:00:00,,
2024-01-06 12:00:00,,
2024-01-06 16:00:00,,
2024-01-06 20:00:00,,
2024-01-07 00:00:00,1704585600000.0,43956.12071720152
2024-01-07 04:00:00,,
2024-01-07 08:00:00,,
2024-01-07 12:00:00,,
2024-01-07 16:00:00,,
2024-01-07 20:00:00,,
2024-01-08 00:00:00,1704672000000.0,43883.74387905174
2024-01-08 04:00:00,,
2024-01-08 08:00:00,,
2024-01-08 12:00:00,,
2024-01-08 16:00:00,,
2024-01-08 20:00:00,,
2024-01-09 00:00:00,1704758400000.0,46936.185561217506
2024-01-09 04:00:00,,
2024-01-09 08:00:00,,
2024-01-09 12:00:00,,
2024-01-09 16:00:00,,
2024-01-09 20:00:00,,
2024-01-10 00:00:00,1704844800000.0,46105.94607828697
2024-01-10 04:00:00,,
2024-01-10 08:00:00,,
2024-01-10 12:00:00,,
2024-01-10 16:00:00,,
2024-01-10 20:00:00,,
2024-01-11 00:00:00,1704931200000.0,46632.31314804979
2024-01-11 04:00:00,,
2024-01-11 08:00:00,,
2024-01-11 12:00:00,,
2024-01-11 16:00:00,,
2024-01-11 20:00:00,,
2024-01-12 00:00:00,1705017600000.0,46314.355541602694
2024-01-12 04:00:00,,
2024-01-12 08:00:00,,
2024-01-12 12:00:00,,
2024-01-12 16:00:00,,
2024-01-12 20:00:00,,
2024-01-13 00:00:00,1705104000000.0,42893.92960550481
2024-01-13 04:00:00,,
2024-01-13 08:00:00,,
2024-01-13 12:00:00,,
2024-01-13 16:00:00,,
2024-01-13 20:00:00,,
2024-01-14 00:00:00,1705190400000.0,42848.47451640749
2024-01-14 04:00:00,,
2024-01-14 08:00:00,,
2024-01-14 12:00:00,,
2024-01-14 16:00:00,,
2024-01-14 20:00:00,,
2024-01-15 00:00:00,1705276800000.0,41800.93282193406
2024-01-15 04:00:00,,
2024-01-15 08:00:00,,
2024-01-15 12:00:00,,
2024-01-15 16:00:00,,
2024-01-15 20:00:00,,
2024-01-16 00:00:00,1705363200000.0,42587.336038354406
2024-01-16 04:00:00,,
2024-01-16 08:00:00,,
2024-01-16 12:00:00,,
2024-01-16 16:00:00,,
2024-01-16 20:00:00,,
2024-01-17 00:00:00,1705449600000.0,43148.00164342693
2024-01-17 04:00:00,,
2024-01-17 08:00:00,,
2024-01-17 12:00:00,,
2024-01-17 16:00:00,,
2024-01-17 20:00:00,,
2024-01-18 00:00:00,1705536000000.0,42713.859186938986
2024-01-18 04:00:00,,
2024-01-18 08:00:00,,
2024-01-18 12:00:00,,
2024-01-18 16:00:00,,
2024-01-18 20:00:00,,
2024-01-19 00:00:00,1705622400000.0,41261.39479801012
2024-01-19 04:00:00,,
2024-01-19 08:00:00,,
2024-01-19 12:00:00,,
2024-01-19 16:00:00,,
2024-01-19 20:00:00,,
2024-01-20 00:00:00,1705708800000.0,41600.94093254464
2024-01-20 04:00:00,,
2024-01-20 08:00:00,,
2024-01-20 12:00:00,,
2024-01-20 16:00:00,,
2024-01-20 20:00:00,,
2024-01-21 00:00:00,1705795200000.0,41626.10711003664
2024-01-21 04:00:00,,
2024-01-21 08:00:00,,
2024-01-21 12:00:00,,
2024-01-21 16:00:00,,
2024-01-21 20:00:00,,
2024-01-22 00:00:00,1705881600000.0,41541.89945706261
2024-01-22 04:00:00,,
2024-01-22 08:00:00,,
2024-01-22 12:00:00,,
2024-01-22 16:00:00,,
2024-01-22 20:00:00,,
2024-01-23 00:00:00,1705968000000.0,39504.73005758438
2024-01-23 04:00:00,,
2024-01-23 08:00:00,,
2024-01-23 12:00:00,,
2024-01-23 16:00:00,,
2024-01-23 20:00:00,,
2024-01-24 00:00:00,1706054400000.0,39833.45410501688
2024-01-24 04:00:00,,
2024-01-24 08:00:00,,
2024-01-24 12:00:00,,
2024-01-24 16:00:00,,
2024-01-24 20:00:00,,
2024-01-25 00:00:00,1706140800000.0,40123.67105847147
2024-01-25 04:00:00,,
2024-01-25 08:00:00,,
2024-01-25 12:00:00,,
2024-01-25 16:00:00,,
2024-01-25 20:00:00,,
2024-01-26 00:00:00,1706227200000.0,39938.28644155878
2024-01-26 04:00:00,,
2024-01-26 08:00:00,,
2024-01-26 12:00:00,,
2024-01-26 16:00:00,,
2024-01-26 20:00:00,,
2024-01-27 00:00:00,1706313600000.0,41862.9356109399
2024-01-27 04:00:00,,
2024-01-27 08:00:00,,
2024-01-27 12:00:00,,
2024-01-27 16:00:00,,
2024-01-27 20:00:00,,
2024-01-28 00:00:00,1706400000000.0,42119.61049464309
2024-01-28 04:00:00,,
2024-01-28 08:00:00,,
2024-01-28 12:00:00,,
2024-01-28 16:00:00,,
2024-01-28 20:00:00,,
2024-01-29 00:00:00,1706486400000.0,42026.57856232145
2024-01-29 04:00:00,,
2024-01-29 08:00:00,,
2024-01-29 12:00:00,,
2024-01-29 16:00:00,,
2024-01-29 20:00:00,,
2024-01-30 00:00:00,1706572800000.0,43267.60927638767
2024-01-30 04:00:00,,
2024-01-30 08:00:00,,
2024-01-30 12:00:00,,
2024-01-30 16:00:00,,
2024-01-30 20:00:00,,
2024-01-31 00:00:00,1706659200000.0,42892.03453014447
2024-01-31 04:00:00,,
2024-01-31 08:00:00,,
2024-01-31 12:00:00,,
2024-01-31 16:00:00,,
2024-01-31 20:00:00,,
2024-02-01 00:00:00,1706745600000.0,42583.26354663417
2024-02-01 04:00:00,,
2024-02-01 08:00:00,,
2024-02-01 12:00:00,,
2024-02-01 16:00:00,,
2024-02-01 20:00:00,,
2024-02-02 00:00:00,1706832000000.0,43069.043420936796
2024-02-02 04:00:00,,
2024-02-02 08:00:00,,
2024-02-02 12:00:00,,
2024-02-02 16:00:00,,
2024-02-02 20:00:00,,
2024-02-03 00:00:00,1706918400000.0,43170.65856159975
2024-02-03 04:00:00,,
2024-02-03 08:00:00,,
2024-02-03 12:00:00,,
2024-02-03 16:00:00,,
2024-02-03 20:00:00,,
2024-02-04 00:00:00,1707004800000.0,42976.84829990829
2024-02-04 04:00:00,,
2024-02-04 08:00:00,,
2024-02-04 12:00:00,,
2024-02-04 16:00:00,,
2024-02-04 20:00:00,,
2024-02-05 00:00:00,1707091200000.0,42599.35997055978
2024-02-05 04:00:00,,
2024-02-05 08:00:00,,
2024-02-05 12:00:00,,
2024-02-05 16:00:00,,
2024-02-05 20:00:00,,
2024-02-06 00:00:00,1707177600000.0,42648.45692113544
2024-02-06 04:00:00,,
2024-02-06 08:00:00,,
2024-02-06 12:00:00,,
2024-02-06 16:00:00,,
2024-02-06 20:00:00,,
2024-02-07 00:00:00,1707264000000.0,43087.78740814285
2024-02-07 04:00:00,,
2024-02-07 08:00:00,,
2024-02-07 12:00:00,,
2024-02-07 16:00:00,,
2024-02-07 20:00:00,,
2024-02-08 00:00:00,1707350400000.0,44247.415415479314
2024-02-08 04:00:00,,
2024-02-08 08:00:00,,
2024-02-08 12:00:00,,
2024-02-08 16:00:00,,
2024-02-08 20:00:00,,
2024-02-09 00:00:00,1707436800000.0,45338.271189789484
2024-02-09 04:00:00,,
2024-02-09 08:00:00,,
2024-02-09 12:00:00,,
2024-02-09 16:00:00,,
2024-02-09 20:00:00,,
2024-02-10 00:00:00,1707523200000.0,47143.24299107112
2024-02-10 04:00:00,,
2024-02-10 08:00:00,,
2024-02-10 12:00:00,,
2024-02-10 16:00:00,,
2024-02-10 20:00:00,,
2024-02-11 00:00:00,1707609600000.0,47768.995251247936
2024-02-11 04:00:00,,
2024-02-11 08:00:00,,
2024-02-11 12:00:00,,
2024-02-11 16:00:00,,
2024-02-11 20:00:00,,
2024-02-12 00:00:00,1707696000000.0,48189.88179303987
2024-02-12 04:00:00,,
2024-02-12 08:00:00,,
2024-02-12 12:00:00,,
2024-02-12 16:00:00,,
2024-02-12 20:00:00,,
2024-02-13 00:00:00,1707782400000.0,50050.13609456397
2024-02-13 04:00:00,,
2024-02-13 08:00:00,,
2024-02-13 12:00:00,,
2024-02-13 16:00:00,,
2024-02-13 20:00:00,,
2024-02-14 00:00:00,1707868800000.0,49732.14536955351
2024-02-14 04:00:00,,
2024-02-14 08:00:00,,
2024-02-14 12:00:00,,
2024-02-14 16:00:00,,
2024-02-14 20:00:00,,
2024-02-15 00:00:00,1707955200000.0,51790.16929752642
2024-02-15 04:00:00,,
2024-02-15 08:00:00,,
2024-02-15 12:00:00,,
2024-02-15 16:00:00,,
2024-02-15 20:00:00,,
2024-02-16 00:00:00,1708041600000.0,51958.23029105492
2024-02-16 04:00:00,,
2024-02-16 08:00:00,,
2024-02-16 12:00:00,,
2024-02-16 16:00:00,,
2024-02-16 20:00:00,,
2024-02-17 00:00:00,1708128000000.0,52166.43430976192
2024-02-17 04:00:00,,
2024-02-17 08:00:00,,
2024-02-17 12:00:00,,
2024-02-17 16:00:00,,
2024-02-17 20:00:00,,
2024-02-18 00:00:00,1708214400000.0,51684.51749264525
2024-02-18 04:00:00,,
2024-02-18 08:00:00,,
2024-02-18 12:00:00,,
2024-02-18 16:00:00,,
2024-02-18 20:00:00,,
2024-02-19 00:00:00,1708300800000.0,52138.48578873693
2024-02-19 04:00:00,,
2024-02-19 08:00:00,,
2024-02-19 12:00:00,,
2024-02-19 16:00:00,,
2024-02-19 20:00:00,,
2024-02-20 00:00:00,1708387200000.0,51764.313185487765
2024-02-20 04:00:00,,
2024-02-20 08:00:00,,
2024-02-20 12:00:00,,
2024-02-20 16:00:00,,
2024-02-20 20:00:00,,
2024-02-21 00:00:00,1708473600000.0,52286.79372554667
2024-02-21 04:00:00,,
2024-02-21 08:00:00,,
2024-02-21 12:00:00,,
2024-02-21 16:00:00,,
2024-02-21 20:00:00,,
2024-02-22 00:00:00,1708560000000.0,51842.75676625642
2024-02-22 04:00:00,,
2024-02-22 08:00:00,,
2024-02-22 12:00:00,,
2024-02-22 16:00:00,,
2024-02-22 20:00:00,,
2024-02-23 00:00:00,1708646400000.0,51319.500125702674
2024-02-23 04:00:00,,
2024-02-23 08:00:00,,
2024-02-23 12:00:00,,
2024-02-23 16:00:00,,
2024-02-23 20:00:00,,
2024-02-24 00:00:00,1708732800000.0,50841.081094770896
2024-02-24 04:00:00,,
2024-02-24 08:00:00,,
2024-02-24 12:00:00,,
2024-02-24 16:00:00,,
2024-02-24 20:00:00,,
2024-02-25 00:00:00,1708819200000.0,51553.096712831146
2024-02-25 04:00:00,,
2024-02-25 08:00:00,,
2024-02-25 12:00:00,,
2024-02-25 16:00:00,,
2024-02-25 20:00:00,,
2024-02-26 00:00:00,1708905600000.0,51751.884054934555
2024-02-26 04:00:00,,
2024-02-26 08:00:00,,
2024-02-26 12:00:00,,
2024-02-26 16:00:00,,
2024-02-26 20:00:00,,
2024-02-27 00:00:00,1708992000000.0,54478.191083122954
2024-02-27 04:00:00,,
2024-02-27 08:00:00,,
2024-02-27 12:00:00,,
2024-02-27 16:00:00,,
2024-02-27 20:00:00,,
2024-02-28 00:00:00,1709078400000.0,57003.52673730811
2024-02-28 04:00:00,,
2024-02-28 08:00:00,,
2024-02-28 12:00:00,,
2024-02-28 16:00:00,,
2024-02-28 20:00:00,,
2024-02-29 00:00:00,1709164800000.0,62558.58202419311
2024-02-29 04:00:00,,
2024-02-29 08:00:00,,
2024-02-29 12:00:00,,
2024-02-29 16:00:00,,
2024-02-29 20:00:00,,
2024-03-01 00:00:00,1709251200000.0,61298.216861101624
2024-03-01 04:00:00,,
2024-03-01 08:00:00,,
2024-03-01 12:00:00,,
2024-03-01 16:00:00,,
2024-03-01 20:00:00,,
2024-03-02 00:00:00,1709337600000.0,62426.64052919186
2024-03-02 04:00:00,,
2024-03-02 08:00:00,,
2024-03-02 12:00:00,,
2024-03-02 16:00:00,,
2024-03-02 20:00:00,,
2024-03-03 00:00:00,1709424000000.0,62067.86680212177
2024-03-03 04:00:00,,
2024-03-03 08:00:00,,
2024-03-03 12:00:00,,
2024-03-03 16:00:00,,
2024-03-03 20:00:00,,
2024-03-04 00:00:00,1709510400000.0,63053.10543906421
2024-03-04 04:00:00,,
2024-03-04 08:00:00,,
2024-03-04 12:00:00,,
2024-03-04 16:00:00,,
2024-03-04 20:00:00,,
2024-03-05 00:00:00,1709596800000.0,68186.64593432152
2024-03-05 04:00:00,,
2024-03-05 08:00:00,,
2024-03-05 12:00:00,,
2024-03-05 16:00:00,,
2024-03-05 20:00:00,,
2024-03-06 00:00:00,1709683200000.0,64291.536557569496
2024-03-06 04:00:00,,
2024-03-06 08:00:00,,
2024-03-06 12:00:00,,
2024-03-06 16:00:00,,
2024-03-06 20:00:00,,
2024-03-07 00:00:00,1709769600000.0,66145.91927850846
2024-03-07 04:00:00,,
2024-03-07 08:00:00,,
2024-03-07 12:00:00,,
2024-03-07 16:00:00,,
2024-03-07 20:00:00,,
2024-03-08 00:00:00,1709856000000.0,66944.87639053575
2024-03-08 04:00:00,,
2024-03-08 08:00:00,,
2024-03-08 12:00:00,,
2024-03-08 16:00:00,,
2024-03-08 20:00:00,,
2024-03-09 00:00:00,1709942400000.0,68315.25192078314
2024-03-09 04:00:00,,
2024-03-09 08:00:00,,
2024-03-09 12:00:00,,
2024-03-09 16:00:00,,
2024-03-09 20:00:00,,
2024-03-10 00:00:00,1710028800000.0,68508.0039626159
2024-03-10 04:00:00,,
2024-03-10 08:00:00,,
2024-03-10 12:00:00,,
2024-03-10 16:00:00,,
2024-03-10 20:00:00,,
2024-03-11 00:00:00,1710115200000.0,69075.66688195744
2024-03-11 04:00:00,,
2024-03-11 08:00:00,,
2024-03-11 12:00:00,,
2024-03-11 16:00:00,,
2024-03-11 20:00:00,,
2024-03-12 00:00:00,1710201600000.0,72130.55300765681
2024-03-12 04:00:00,,
2024-03-12 08:00:00,,
2024-03-12 12:00:00,,
2024-03-12 16:00:00,,
2024-03-12 20:00:00,,
2024-03-13 00:00:00,1710288000000.0,71467.17350326062
2024-03-13 04:00:00,,
2024-03-13 08:00:00,,
2024-03-13 12:00:00,,
2024-03-13 16:00:00,,
2024-03-13 20:00:00,,
2024-03-14 00:00:00,1710374400000.0,73097.76702694128
2024-03-14 04:00:00,,
2024-03-14 08:00:00,,
2024-03-14 12:00:00,,
2024-03-14 16:00:00,,
2024-03-14 20:00:00,,
2024-03-15 00:00:00,1710460800000.0,71420.03180142345
2024-03-15 04:00:00,,
2024-03-15 08:00:00,,
2024-03-15 12:00:00,,
2024-03-15 16:00:00,,
2024-03-15 20:00:00,,
2024-03-16 00:00:00,1710547200000.0,69497.7631929463
2024-03-16 04:00:00,,
2024-03-16 08:00:00,,
2024-03-16 12:00:00,,
2024-03-16 16:00:00,,
2024-03-16 20:00:00,,
2024-03-17 00:00:00,1710633600000.0,65292.31329331289
2024-03-17 04:00:00,,
2024-03-17 08:00:00,,
2024-03-17 12:00:00,,
2024-03-17 16:00:00,,
2024-03-17 20:00:00,,
2024-03-18 00:00:00,1710720000000.0,68425.41565643054
2024-03-18 04:00:00,,
2024-03-18 08:00:00,,
2024-03-18 12:00:00,,
2024-03-18 16:00:00,,
2024-03-18 20:00:00,,
2024-03-19 00:00:00,1710806400000.0,67708.94360930806
2024-03-19 04:00:00,,
2024-03-19 08:00:00,,
2024-03-19 12:00:00,,
2024-03-19 16:00:00,,
2024-03-19 20:00:00,,
2024-03-20 00:00:00,1710892800000.0,62132.51737873437
2024-03-20 04:00:00,,
2024-03-20 08:00:00,,
2024-03-20 12:00:00,,
2024-03-20 16:00:00,,
2024-03-20 20:00:00,,
2024-03-21 00:00:00,1710979200000.0,67819.05570684028
2024-03-21 04:00:00,,
2024-03-21 08:00:00,,
2024-03-21 12:00:00,,
2024-03-21 16:00:00,,
2024-03-21 20:00:00,,
2024-03-22 00:00:00,1711065600000.0,65535.97844847657
2024-03-22 04:00:00,,
2024-03-22 08:00:00,,
2024-03-22 12:00:00,,
2024-03-22 16:00:00,,
2024-03-22 20:00:00,,
2024-03-23 00:00:00,1711152000000.0,63509.04496523133
2024-03-23 04:00:00,,
2024-03-23 08:00:00,,
2024-03-23 12:00:00,,
2024-03-23 16:00:00,,
2024-03-23 20:00:00,,
2024-03-24 00:00:00,1711238400000.0,64285.80279102199
2024-03-24 04:00:00,,
2024-03-24 08:00:00,,
2024-03-24 12:00:00,,
2024-03-24 16:00:00,,
2024-03-24 20:00:00,,
2024-03-25 00:00:00,1711324800000.0,67310.98326810106
2024-03-25 04:00:00,,
2024-03-25 08:00:00,,
2024-03-25 12:00:00,,
2024-03-25 16:00:00,,
2024-03-25 20:00:00,,
2024-03-26 00:00:00,1711411200000.0,69938.94530200244
2024-03-26 04:00:00,,
2024-03-26 08:00:00,,
2024-03-26 12:00:00,,
2024-03-26 16:00:00,,
2024-03-26 20:00:00,,
2024-03-27 00:00:00,1711497600000.0,70082.05122475982
2024-03-27 04:00:00,,
2024-03-27 08:00:00,,
2024-03-27 12:00:00,,
2024-03-27 16:00:00,,
2024-03-27 20:00:00,,
2024-03-28 00:00:00,1711584000000.0,69435.75040305211
2024-03-28 04:00:00,,
2024-03-28 08:00:00,,
2024-03-28 12:00:00,,
2024-03-28 16:00:00,,
2024-03-28 20:00:00,,
2024-03-29 00:00:00,1711670400000.0,70710.19534863312
2024-03-29 04:00:00,,
2024-03-29 08:00:00,,
2024-03-29 12:00:00,,
2024-03-29 16:00:00,,
2024-03-29 20:00:00,,
2024-03-30 00:00:00,1711756800000.0,69919.05546148612
2024-03-30 04:00:00,,
2024-03-30 08:00:00,,
2024-03-30 12:00:00,,
2024-03-30 16:00:00,,
2024-03-30 20:00:00,,
2024-03-31 00:00:00,1711843200000.0,69702.3087473573
2024-03-31 04:00:00,,
2024-03-31 08:00:00,,
2024-03-31 12:00:00,,
2024-03-31 16:00:00,,
2024-03-31 20:00:00,,
2024-04-01 00:00:00,1711929600000.0,71246.95144060145
2024-04-01 04:00:00,,
2024-04-01 08:00:00,,
2024-04-01 12:00:00,,
2024-04-01 16:00:00,,
2024-04-01 20:00:00,,
2024-04-02 00:00:00,1712016000000.0,69785.92503802372
2024-04-02 04:00:00,,
2024-04-02 08:00:00,,
2024-04-02 12:00:00,,
2024-04-02 16:00:00,,
2024-04-02 20:00:00,,
2024-04-03 00:00:00,1712102400000.0,65440.41922587159
2024-04-03 04:00:00,,
2024-04-03 08:00:00,,
2024-04-03 12:00:00,,
2024-04-03 16:00:00,,
2024-04-03 20:00:00,,
2024-04-04 00:00:00,1712188800000.0,66123.938539074
2024-04-04 04:00:00,,
2024-04-04 08:00:00,,
2024-04-04 12:00:00,,
2024-04-04 16:00:00,,
2024-04-04 20:00:00,,
2024-04-05 00:00:00,1712275200000.0,68542.17715279506
2024-04-05 04:00:00,,
2024-04-05 08:00:00,,
2024-04-05 12:00:00,,
2024-04-05 16:00:00,,
2024-04-05 20:00:00,,
2024-04-06 00:00:00,1712361600000.0,67978.61023408506
2024-04-06 04:00:00,,
2024-04-06 08:00:00,,
2024-04-06 12:00:00,,
2024-04-06 16:00:00,,
2024-04-06 20:00:00,,
2024-04-07 00:00:00,1712448000000.0,69000.6499164776
2024-04-07 04:00:00,,
2024-04-07 08:00:00,,
2024-04-07 12:00:00,,
2024-04-07 16:00:00,,
2024-04-07 20:00:00,,
2024-04-08 00:00:00,1712534400000.0,69401.97360911008
2024-04-08 04:00:00,,
2024-04-08 08:00:00,,
2024-04-08 12:00:00,,
2024-04-08 16:00:00,,
2024-04-08 20:00:00,,
2024-04-09 00:00:00,1712620800000.0,71624.18486236996
2024-04-09 04:00:00,,
2024-04-09 08:00:00,,
2024-04-09 12:00:00,,
2024-04-09 16:00:00,,
2024-04-09 20:00:00,,
2024-04-10 00:00:00,1712707200000.0,69158.64381207665
2024-04-10 04:00:00,,
2024-04-10 08:00:00,,
2024-04-10 12:00:00,,
2024-04-10 16:00:00,,
2024-04-10 20:00:00,,
2024-04-11 00:00:00,1712793600000.0,70527.88997578963
2024-04-11 04:00:00,,
2024-04-11 08:00:00,,
2024-04-11 12:00:00,,
2024-04-11 16:00:00,,
2024-04-11 20:00:00,,
2024-04-12 00:00:00,1712880000000.0,70106.66413070948
2024-04-12 04:00:00,,
2024-04-12 08:00:00,,
2024-04-12 12:00:00,,
2024-04-12 16:00:00,,
2024-04-12 20:00:00,,
2024-04-13 00:00:00,1712966400000.0,67252.10504226631
2024-04-13 04:00:00,,
2024-04-13 08:00:00,,
2024-04-13 12:00:00,,
2024-04-13 16:00:00,,
2024-04-13 20:00:00,,
2024-04-14 00:00:00,1713052800000.0,64404.82548907413
2024-04-14 04:00:00,,
2024-04-14 08:00:00,,
2024-04-14 12:00:00,,
2024-04-14 16:00:00,,
2024-04-14 20:00:00,,
2024-04-15 00:00:00,1713139200000.0,65752.66004728881
2024-04-15 04:00:00,,
2024-04-15 08:00:00,,
2024-04-15 12:00:00,,
2024-04-15 16:00:00,,
2024-04-15 20:00:00,,
2024-04-16 00:00:00,1713225600000.0,63430.5714573684
2024-04-16 04:00:00,,
2024-04-16 08:00:00,,
2024-04-16 12:00:00,,
2024-04-16 16:00:00,,
2024-04-16 20:00:00,,
2024-04-17 00:00:00,1713312000000.0,63720.501587480736
2024-04-17 04:00:00,,
2024-04-17 08:00:00,,
2024-04-17 12:00:00,,
2024-04-17 16:00:00,,
2024-04-17 20:00:00,,
2024-04-18 00:00:00,1713398400000.0,61328.89798860725
2024-04-18 04:00:00,,
2024-04-18 08:00:00,,
2024-04-18 12:00:00,,
2024-04-18 16:00:00,,
2024-04-18 20:00:00,,
2024-04-19 00:00:00,1713484800000.0,63461.592695107174
2024-04-19 04:00:00,,
2024-04-19 08:00:00,,
2024-04-19 12:00:00,,
2024-04-19 16:00:00,,
2024-04-19 20:00:00,,
2024-04-20 00:00:00,1713571200000.0,63988.818471785664
2024-04-20 04:00:00,,
2024-04-20 08:00:00,,
2024-04-20 12:00:00,,
2024-04-20 16:00:00,,
2024-04-20 20:00:00,,
2024-04-21 00:00:00,1713657600000.0,64894.41869109179
2024-04-21 04:00:00,,
2024-04-21 08:00:00,,
2024-04-21 12:00:00,,
2024-04-21 16:00:00,,
2024-04-21 20:00:00,,
2024-04-22 00:00:00,1713744000000.0,64936.4207567739
2024-04-22 04:00:00,,
2024-04-22 08:00:00,,
2024-04-22 12:00:00,,
2024-04-22 16:00:00,,
2024-04-22 20:00:00,,
2024-04-23 00:00:00,1713830400000.0,66841.66685207361
2024-04-23 04:00:00,,
2024-04-23 08:00:00,,
2024-04-23 12:00:00,,
2024-04-23 16:00:00,,
2024-04-23 20:00:00,,
2024-04-24 00:00:00,1713916800000.0,66406.95244392671
2024-04-24 04:00:00,,
2024-04-24 08:00:00,,
2024-04-24 12:00:00,,
2024-04-24 16:00:00,,
2024-04-24 20:00:00,,
2024-04-25 00:00:00,1714003200000.0,64279.51812857524
2024-04-25 04:00:00,,
2024-04-25 08:00:00,,
2024-04-25 12:00:00,,
2024-04-25 16:00:00,,
2024-04-25 20:00:00,,
2024-04-26 00:00:00,1714089600000.0,64486.183359158975
2024-04-26 04:00:00,,
2024-04-26 08:00:00,,
2024-04-26 12:00:00,,
2024-04-26 16:00:00,,
2024-04-26 20:00:00,,
2024-04-27 00:00:00,1714176000000.0,63802.330049258766
2024-04-27 04:00:00,,
2024-04-27 08:00:00,,
2024-04-27 12:00:00,,
2024-04-27 16:00:00,,
2024-04-27 20:00:00,,
2024-04-28 00:00:00,1714262400000.0,63517.248743409626
2024-04-28 04:00:00,,
2024-04-28 08:00:00,,
2024-04-28 12:00:00,,
2024-04-28 16:00:00,,
2024-04-28 20:00:00,,
2024-04-29 00:00:00,1714348800000.0,63030.433616681854
2024-04-29 04:00:00,,
2024-04-29 08:00:00,,
2024-04-29 12:00:00,,
2024-04-29 16:00:00,,
2024-04-29 20:00:00,,
2024-04-30 00:00:00,1714435200000.0,63797.67963589958
2024-04-30 04:00:00,,
2024-04-30 08:00:00,,
2024-04-30 12:00:00,,
2024-04-30 16:00:00,,
2024-04-30 20:00:00,,
2024-05-01 00:00:00,1714521600000.0,60749.47209216387
2024-05-01 04:00:00,,
2024-05-01 08:00:00,,
2024-05-01 12:00:00,,
2024-05-01 16:00:00,,
2024-05-01 20:00:00,,
2024-05-02 00:00:00,1714608000000.0,58297.574075325494
2024-05-02 04:00:00,,
2024-05-02 08:00:00,,
2024-05-02 12:00:00,,
2024-05-02 16:00:00,,
2024-05-02 20:00:00,,
2024-05-03 00:00:00,1714694400000.0,59135.1733607733
2024-05-03 04:00:00,,
2024-05-03 08:00:00,,
2024-05-03 12:00:00,,
2024-05-03 16:00:00,,
2024-05-03 20:00:00,,
2024-05-04 00:00:00,1714780800000.0,62839.34073569376
2024-05-04 04:00:00,,
2024-05-04 08:00:00,,
2024-05-04 12:00:00,,
2024-05-04 16:00:00,,
2024-05-04 20:00:00,,
2024-05-05 00:00:00,1714867200000.0,63820.451902924986
2024-05-05 04:00:00,,
2024-05-05 08:00:00,,
2024-05-05 12:00:00,,
2024-05-05 16:00:00,,
2024-05-05 20:00:00,,
2024-05-06 00:00:00,1714953600000.0,64010.00865210892
2024-05-06 04:00:00,,
2024-05-06 08:00:00,,
2024-05-06 12:00:00,,
2024-05-06 16:00:00,,
2024-05-06 20:00:00,,
2024-05-07 00:00:00,1715040000000.0,63172.48129551341
2024-05-07 04:00:00,,
2024-05-07 08:00:00,,
2024-05-07 12:00:00,,
2024-05-07 16:00:00,,
2024-05-07 20:00:00,,
2024-05-08 00:00:00,1715126400000.0,62363.057191718624
2024-05-08 04:00:00,,
2024-05-08 08:00:00,,
2024-05-08 12:00:00,,
2024-05-08 16:00:00,,
2024-05-08 20:00:00,,
2024-05-09 00:00:00,1715212800000.0,61215.50400879193
2024-05-09 04:00:00,,
2024-05-09 08:00:00,,
2024-05-09 12:00:00,,
2024-05-09 16:00:00,,
2024-05-09 20:00:00,,
2024-05-10 00:00:00,1715299200000.0,63148.599943097026
2024-05-10 04:00:00,,
2024-05-10 08:00:00,,
2024-05-10 12:00:00,,
2024-05-10 16:00:00,,
2024-05-10 20:00:00,,
2024-05-11 00:00:00,1715385600000.0,60888.21674957157
2024-05-11 04:00:00,,
2024-05-11 08:00:00,,
2024-05-11 12:00:00,,
2024-05-11 16:00:00,,
2024-05-11 20:00:00,,
2024-05-12 00:00:00,1715472000000.0,60776.972079172134
2024-05-12 04:00:00,,
2024-05-12 08:00:00,,
2024-05-12 12:00:00,,
2024-05-12 16:00:00,,
2024-05-12 20:00:00,,
2024-05-13 00:00:00,1715558400000.0,61507.054004121346
2024-05-13 04:00:00,,
2024-05-13 08:00:00,,
2024-05-13 12:00:00,,
2024-05-13 16:00:00,,
2024-05-13 20:00:00,,
2024-05-14 00:00:00,1715644800000.0,62878.783300729294
2024-05-14 04:00:00,,
2024-05-14 08:00:00,,
2024-05-14 12:00:00,,
2024-05-14 16:00:00,,
2024-05-14 20:00:00,,
2024-05-15 00:00:00,1715731200000.0,61569.1130057734
2024-05-15 04:00:00,,
2024-05-15 08:00:00,,
2024-05-15 12:00:00,,
2024-05-15 16:00:00,,
2024-05-15 20:00:00,,
2024-05-16 00:00:00,1715817600000.0,66220.51831432826
2024-05-16 04:00:00,,
2024-05-16 08:00:00,,
2024-05-16 12:00:00,,
2024-05-16 16:00:00,,
2024-05-16 20:00:00,,
2024-05-17 00:00:00,1715904000000.0,65260.879803346186
2024-05-17 04:00:00,,
2024-05-17 08:00:00,,
2024-05-17 12:00:00,,
2024-05-17 16:00:00,,
2024-05-17 20:00:00,,
2024-05-18 00:00:00,1715990400000.0,67053.12326509564
2024-05-18 04:00:00,,
2024-05-18 08:00:00,,
2024-05-18 12:00:00,,
2024-05-18 16:00:00,,
2024-05-18 20:00:00,,
2024-05-19 00:00:00,1716076800000.0,66912.61861403697
2024-05-19 04:00:00,,
2024-05-19 08:00:00,,
2024-05-19 12:00:00,,
2024-05-19 16:00:00,,
2024-05-19 20:00:00,,
2024-05-20 00:00:00,1716163200000.0,66252.71259591613
2024-05-20 04:00:00,,
2024-05-20 08:00:00,,
2024-05-20 12:00:00,,
2024-05-20 16:00:00,,
2024-05-20 20:00:00,,
2024-05-21 00:00:00,1716249600000.0,71430.29700215145
2024-05-21 04:00:00,,
2024-05-21 08:00:00,,
2024-05-21 12:00:00,,
2024-05-21 16:00:00,,
2024-05-21 20:00:00,,
2024-05-22 00:00:00,1716336000000.0,70189.8358177002
2024-05-22 04:00:00,,
2024-05-22 08:00:00,,
2024-05-22 12:00:00,,
2024-05-22 16:00:00,,
2024-05-22 20:00:00,,
2024-05-23 00:00:00,1716422400000.0,69181.20085677762
2024-05-23 04:00:00,,
2024-05-23 08:00:00,,
2024-05-23 12:00:00,,
2024-05-23 16:00:00,,
2024-05-23 20:00:00,,
2024-05-24 00:00:00,1716508800000.0,67906.46534276106
2024-05-24 04:00:00,,
2024-05-24 08:00:00,,
2024-05-24 12:00:00,,
2024-05-24 16:00:00,,
2024-05-24 20:00:00,,
2024-05-25 00:00:00,1716595200000.0,68539.91646552991
2024-05-25 04:00:00,,
2024-05-25 08:00:00,,
2024-05-25 12:00:00,,
2024-05-25 16:00:00,,
2024-05-25 20:00:00,,
2024-05-26 00:00:00,1716681600000.0,69268.44558973772
2024-05-26 04:00:00,,
2024-05-26 08:00:00,,
2024-05-26 12:00:00,,
2024-05-26 16:00:00,,
2024-05-26 20:00:00,,
2024-05-27 00:00:00,1716768000000.0,68508.83110875699
2024-05-27 04:00:00,,
2024-05-27 08:00:00,,
2024-05-27 12:00:00,,
2024-05-27 16:00:00,,
2024-05-27 20:00:00,,
2024-05-28 00:00:00,1716854400000.0,69367.23871755725
2024-05-28 04:00:00,,
2024-05-28 08:00:00,,
2024-05-28 12:00:00,,
2024-05-28 16:00:00,,
2024-05-28 20:00:00,,
2024-05-29 00:00:00,1716940800000.0,68316.63588049631
2024-05-29 04:00:00,,
2024-05-29 08:00:00,,
2024-05-29 12:00:00,,
2024-05-29 16:00:00,,
2024-05-29 20:00:00,,
2024-05-30 00:00:00,1717027200000.0,67577.26558995963
2024-05-30 04:00:00,,
2024-05-30 08:00:00,,
2024-05-30 12:00:00,,
2024-05-30 16:00:00,,
2024-05-30 20:00:00,,
2024-05-31 00:00:00,1717113600000.0,68372.49288434093
2024-05-31 04:00:00,,
2024-05-31 08:00:00,,
2024-05-31 12:00:00,,
2024-05-31 16:00:00,,
2024-05-31 20:00:00,,
2024-06-01 00:00:00,1717200000000.0,67474.95483698409
2024-06-01 04:00:00,,
2024-06-01 08:00:00,,
2024-06-01 12:00:00,,
2024-06-01 16:00:00,,
2024-06-01 20:00:00,,
2024-06-02 00:00:00,1717286400000.0,67704.32641811523
2024-06-02 04:00:00,,
2024-06-02 08:00:00,,
2024-06-02 12:00:00,,
2024-06-02 16:00:00,,
2024-06-02 20:00:00,,
2024-06-03 00:00:00,1717372800000.0,67740.01690222476
2024-06-03 04:00:00,,
2024-06-03 08:00:00,,
2024-06-03 12:00:00,,
2024-06-03 16:00:00,,
2024-06-03 20:00:00,,
2024-06-04 00:00:00,1717459200000.0,68808.29368590549
2024-06-04 04:00:00,,
2024-06-04 08:00:00,,
2024-06-04 12:00:00,,
2024-06-04 16:00:00,,
2024-06-04 20:00:00,,
2024-06-05 00:00:00,1717545600000.0,70600.01116676089
2024-06-05 04:00:00,,
2024-06-05 08:00:00,,
2024-06-05 12:00:00,,
2024-06-05 16:00:00,,
2024-06-05 20:00:00,,
2024-06-06 00:00:00,1717632000000.0,71184.59943059199
2024-06-06 04:00:00,,
2024-06-06 08:00:00,,
2024-06-06 12:00:00,,
2024-06-06 16:00:00,,
2024-06-06 20:00:00,,
2024-06-07 00:00:00,1717718400000.0,70759.58819301432
2024-06-07 04:00:00,,
2024-06-07 08:00:00,,
2024-06-07 12:00:00,,
2024-06-07 16:00:00,,
2024-06-07 20:00:00,,
2024-06-08 00:00:00,1717804800000.0,69325.36238847222
2024-06-08 04:00:00,,
2024-06-08 08:00:00,,
2024-06-08 12:00:00,,
2024-06-08 16:00:00,,
2024-06-08 20:00:00,,
2024-06-09 00:00:00,1717891200000.0,69315.1041233966
2024-06-09 04:00:00,,
2024-06-09 08:00:00,,
2024-06-09 12:00:00,,
2024-06-09 16:00:00,,
2024-06-09 20:00:00,,
2024-06-10 00:00:00,1717977600000.0,69654.16073760358
2024-06-10 04:00:00,,
2024-06-10 08:00:00,,
2024-06-10 12:00:00,,
2024-06-10 16:00:00,,
2024-06-10 20:00:00,,
2024-06-11 00:00:00,1718064000000.0,69493.17760915738
2024-06-11 04:00:00,,
2024-06-11 08:00:00,,
2024-06-11 12:00:00,,
2024-06-11 16:00:00,,
2024-06-11 20:00:00,,
2024-06-12 00:00:00,1718150400000.0,67329.15232724321
2024-06-12 04:00:00,,
2024-06-12 08:00:00,,
2024-06-12 12:00:00,,
2024-06-12 16:00:00,,
2024-06-12 20:00:00,,
2024-06-13 00:00:00,1718236800000.0,68224.51967501991
2024-06-13 04:00:00,,
2024-06-13 08:00:00,,
2024-06-13 12:00:00,,
2024-06-13 16:00:00,,
2024-06-13 20:00:00,,
2024-06-14 00:00:00,1718323200000.0,66700.31696564378
2024-06-14 04:00:00,,
2024-06-14 08:00:00,,
2024-06-14 12:00:00,,
2024-06-14 16:00:00,,
2024-06-14 20:00:00,,
2024-06-15 00:00:00,1718409600000.0,66011.07873713733
2024-06-15 04:00:00,,
2024-06-15 08:00:00,,
2024-06-15 12:00:00,,
2024-06-15 16:00:00,,
2024-06-15 20:00:00,,
2024-06-16 00:00:00,1718496000000.0,66190.4874891135
2024-06-16 04:00:00,,
2024-06-16 08:00:00,,
2024-06-16 12:00:00,,
2024-06-16 16:00:00,,
2024-06-16 20:00:00,,
2024-06-17 00:00:00,1718582400000.0,66615.53782131766
2024-06-17 04:00:00,,
2024-06-17 08:00:00,,
2024-06-17 12:00:00,,
2024-06-17 16:00:00,,
2024-06-17 20:00:00,,
2024-06-18 00:00:00,1718668800000.0,66460.38897909952
2024-06-18 04:00:00,,
2024-06-18 08:00:00,,
2024-06-18 12:00:00,,
2024-06-18 16:00:00,,
2024-06-18 20:00:00,,
2024-06-19 00:00:00,1718755200000.0,65109.314812190474
2024-06-19 04:00:00,,
2024-06-19 08:00:00,,
2024-06-19 12:00:00,,
2024-06-19 16:00:00,,
2024-06-19 20:00:00,,
2024-06-20 00:00:00,1718841600000.0,64907.07460760319
2024-06-20 04:00:00,,
2024-06-20 08:00:00,,
2024-06-20 12:00:00,,
2024-06-20 16:00:00,,
2024-06-20 20:00:00,,
2024-06-21 00:00:00,1718928000000.0,64844.67441797763
2024-06-21 04:00:00,,
2024-06-21 08:00:00,,
2024-06-21 12:00:00,,
2024-06-21 16:00:00,,
2024-06-21 20:00:00,,
2024-06-22 00:00:00,1719014400000.0,64071.624284709695
2024-06-22 04:00:00,,
2024-06-22 08:00:00,,
2024-06-22 12:00:00,,
2024-06-22 16:00:00,,
2024-06-22 20:00:00,,
2024-06-23 00:00:00,1719100800000.0,64239.90348813148
2024-06-23 04:00:00,,
2024-06-23 08:00:00,,
2024-06-23 12:00:00,,
2024-06-23 16:00:00,,
2024-06-23 20:00:00,,
2024-06-24 00:00:00,1719187200000.0,63221.35738437477
2024-06-24 04:00:00,,
2024-06-24 08:00:00,,
2024-06-24 12:00:00,,
2024-06-24 16:00:00,,
2024-06-24 20:00:00,,
2024-06-25 00:00:00,1719273600000.0,60363.23497529626
2024-06-25 04:00:00,,
2024-06-25 08:00:00,,
2024-06-25 12:00:00,,
2024-06-25 16:00:00,,
2024-06-25 20:00:00,,
2024-06-26 00:00:00,1719360000000.0,61770.413870095355
2024-06-26 04:00:00,,
2024-06-26 08:00:00,,
2024-06-26 12:00:00,,
2024-06-26 16:00:00,,
2024-06-26 20:00:00,,
2024-06-27 00:00:00,1719446400000.0,60749.89619402014
2024-06-27 04:00:00,,
2024-06-27 08:00:00,,
2024-06-27 12:00:00,,
2024-06-27 16:00:00,,
2024-06-27 20:00:00,,
2024-06-28 00:00:00,1719532800000.0,61562.64532550036
2024-06-28 04:00:00,,
2024-06-28 08:00:00,,
2024-06-28 12:00:00,,
2024-06-28 16:00:00,,
2024-06-28 20:00:00,,
2024-06-29 00:00:00,1719619200000.0,60317.09697945116
2024-06-29 04:00:00,,
2024-06-29 08:00:00,,
2024-06-29 12:00:00,,
2024-06-29 16:00:00,,
2024-06-29 20:00:00,,
2024-06-30 00:00:00,1719705600000.0,60864.44316193428
2024-06-30 04:00:00,,
2024-06-30 08:00:00,,
2024-06-30 12:00:00,,
2024-06-30 16:00:00,,
2024-06-30 20:00:00,,
2024-07-01 00:00:00,1719792000000.0,62734.39383945474
2024-07-01 04:00:00,,
2024-07-01 08:00:00,,
2024-07-01 12:00:00,,
2024-07-01 16:00:00,,
2024-07-01 20:00:00,,
2024-07-02 00:00:00,1719878400000.0,62819.82226921849
2024-07-02 04:00:00,,
2024-07-02 08:00:00,,
2024-07-02 12:00:00,,
2024-07-02 16:00:00,,
2024-07-02 20:00:00,,
2024-07-03 00:00:00,1719964800000.0,62042.5650371006
2024-07-03 04:00:00,,
2024-07-03 08:00:00,,
2024-07-03 12:00:00,,
2024-07-03 16:00:00,,
2024-07-03 20:00:00,,
2024-07-04 00:00:00,1720051200000.0,60244.68076433092
2024-07-04 04:00:00,,
2024-07-04 08:00:00,,
2024-07-04 12:00:00,,
2024-07-04 16:00:00,,
2024-07-04 20:00:00,,
2024-07-05 00:00:00,1720137600000.0,57189.17412408636
2024-07-05 04:00:00,,
2024-07-05 08:00:00,,
2024-07-05 12:00:00,,
2024-07-05 16:00:00,,
2024-07-05 20:00:00,,
2024-07-06 00:00:00,1720224000000.0,56739.86285107204
2024-07-06 04:00:00,,
2024-07-06 08:00:00,,
2024-07-06 12:00:00,,
2024-07-06 16:00:00,,
2024-07-06 20:00:00,,
2024-07-07 00:00:00,1720310400000.0,58230.4841542266
2024-07-07 04:00:00,,
2024-07-07 08:00:00,,
2024-07-07 12:00:00,,
2024-07-07 16:00:00,,
2024-07-07 20:00:00,,
2024-07-08 00:00:00,1720396800000.0,55880.3753776708
2024-07-08 04:00:00,,
2024-07-08 08:00:00,,
2024-07-08 12:00:00,,
2024-07-08 16:00:00,,
2024-07-08 20:00:00,,
2024-07-09 00:00:00,1720483200000.0,56665.140733520275
2024-07-09 04:00:00,,
2024-07-09 08:00:00,,
2024-07-09 12:00:00,,
2024-07-09 16:00:00,,
2024-07-09 20:00:00,,
2024-07-10 00:00:00,1720569600000.0,57988.30351208401
2024-07-10 04:00:00,,
2024-07-10 08:00:00,,
2024-07-10 12:00:00,,
2024-07-10 16:00:00,,
2024-07-10 20:00:00,,
2024-07-11 00:00:00,1720656000000.0,57704.202284462874
2024-07-11 04:00:00,,
2024-07-11 08:00:00,,
2024-07-11 12:00:00,,
2024-07-11 16:00:00,,
2024-07-11 20:00:00,,
2024-07-12 00:00:00,1720742400000.0,57388.192479166675
2024-07-12 04:00:00,,
2024-07-12 08:00:00,,
2024-07-12 12:00:00,,
2024-07-12 16:00:00,,
2024-07-12 20:00:00,,
2024-07-13 00:00:00,1720828800000.0,57899.28895749592
2024-07-13 04:00:00,,
2024-07-13 08:00:00,,
2024-07-13 12:00:00,,
2024-07-13 16:00:00,,
2024-07-13 20:00:00,,
2024-07-14 00:00:00,1720915200000.0,59152.71913887286
2024-07-14 04:00:00,,
2024-07-14 08:00:00,,
2024-07-14 12:00:00,,
2024-07-14 16:00:00,,
2024-07-14 20:00:00,,
2024-07-15 00:00:00,1721001600000.0,60942.32773996293
2024-07-15 04:00:00,,
2024-07-15 08:00:00,,
2024-07-15 12:00:00,,
2024-07-15 16:00:00,,
2024-07-15 20:00:00,,
2024-07-16 00:00:00,1721088000000.0,64835.48973321571
2024-07-16 04:00:00,,
2024-07-16 08:00:00,,
2024-07-16 12:00:00,,
2024-07-16 16:00:00,,
2024-07-16 20:00:00,,
2024-07-17 00:00:00,1721174400000.0,65162.23625234354
2024-07-17 04:00:00,,
2024-07-17 08:00:00,,
2024-07-17 12:00:00,,
2024-07-17 16:00:00,,
2024-07-17 20:00:00,,
2024-07-18 00:00:00,1721260800000.0,64136.31384360687
2024-07-18 04:00:00,,
2024-07-18 08:00:00,,
2024-07-18 12:00:00,,
2024-07-18 16:00:00,,
2024-07-18 20:00:00,,
2024-07-19 00:00:00,1721347200000.0,63959.56900809379
2024-07-19 04:00:00,,
2024-07-19 08:00:00,,
2024-07-19 12:00:00,,
2024-07-19 16:00:00,,
2024-07-19 20:00:00,,
2024-07-20 00:00:00,1721433600000.0,66689.54880734957
2024-07-20 04:00:00,,
2024-07-20 08:00:00,,
2024-07-20 12:00:00,,
2024-07-20 16:00:00,,
2024-07-20 20:00:00,,
2024-07-21 00:00:00,1721520000000.0,67206.06470614894
2024-07-21 04:00:00,,
2024-07-21 08:00:00,,
2024-07-21 12:00:00,,
2024-07-21 16:00:00,,
2024-07-21 20:00:00,,
2024-07-22 00:00:00,1721606400000.0,68088.13996324532
2024-07-22 04:00:00,,
2024-07-22 08:00:00,,
2024-07-22 12:00:00,,
2024-07-22 16:00:00,,
2024-07-22 20:00:00,,
2024-07-23 00:00:00,1721692800000.0,67607.71339918874
2024-07-23 04:00:00,,
2024-07-23 08:00:00,,
2024-07-23 12:00:00,,
2024-07-23 16:00:00,,
2024-07-23 20:00:00,,
2024-07-24 00:00:00,1721779200000.0,65942.41746522837
2024-07-24 04:00:00,,
2024-07-24 08:00:00,,
2024-07-24 12:00:00,,
2024-07-24 16:00:00,,
2024-07-24 20:00:00,,
2024-07-25 00:00:00,1721865600000.0,65403.53513022529
2024-07-25 04:00:00,,
2024-07-25 08:00:00,,
2024-07-25 12:00:00,,
2024-07-25 16:00:00,,
2024-07-25 20:00:00,,
2024-07-26 00:00:00,1721952000000.0,65749.96361965332
2024-07-26 04:00:00,,
2024-07-26 08:00:00,,
2024-07-26 12:00:00,,
2024-07-26 16:00:00,,
2024-07-26 20:00:00,,
2024-07-27 00:00:00,1722038400000.0,67920.2964857025
2024-07-27 04:00:00,,
2024-07-27 08:00:00,,
2024-07-27 12:00:00,,
2024-07-27 16:00:00,,
2024-07-27 20:00:00,,
2024-07-28 00:00:00,1722124800000.0,68055.40838968738
2024-07-28 04:00:00,,
2024-07-28 08:00:00,,
2024-07-28 12:00:00,,
2024-07-28 16:00:00,,
2024-07-28 20:00:00,,
2024-07-29 00:00:00,1722211200000.0,68242.2474440493
2024-07-29 04:00:00,,
2024-07-29 08:00:00,,
2024-07-29 12:00:00,,
2024-07-29 16:00:00,,
2024-07-29 20:00:00,,
2024-07-30 00:00:00,1722297600000.0,66770.32091848266
2024-07-30 04:00:00,,
2024-07-30 08:00:00,,
2024-07-30 12:00:00,,
2024-07-30 16:00:00,,
2024-07-30 20:00:00,,
2024-07-31 00:00:00,1722384000000.0,66219.05102486102
2024-07-31 04:00:00,,
2024-07-31 08:00:00,,
2024-07-31 12:00:00,,
2024-07-31 16:00:00,,
2024-07-31 20:00:00,,
2024-08-01 00:00:00,1722470400000.0,64679.778647032515
2024-08-01 04:00:00,,
2024-08-01 08:00:00,,
2024-08-01 12:00:00,,
2024-08-01 16:00:00,,
2024-08-01 20:00:00,,
2024-08-02 00:00:00,1722556800000.0,65357.52960767435
2024-08-02 04:00:00,,
2024-08-02 08:00:00,,
2024-08-02 12:00:00,,
2024-08-02 16:00:00,,
2024-08-02 20:00:00,,
2024-08-03 00:00:00,1722643200000.0,61407.29547397454
2024-08-03 04:00:00,,
2024-08-03 08:00:00,,
2024-08-03 12:00:00,,
2024-08-03 16:00:00,,
2024-08-03 20:00:00,,
2024-08-04 00:00:00,1722729600000.0,60738.7449250574
2024-08-04 04:00:00,,
2024-08-04 08:00:00,,
2024-08-04 12:00:00,,
2024-08-04 16:00:00,,
2024-08-04 20:00:00,,
2024-08-05 00:00:00,1722816000000.0,58006.206586686734
2024-08-05 04:00:00,,
2024-08-05 08:00:00,,
2024-08-05 12:00:00,,
2024-08-05 16:00:00,,
2024-08-05 20:00:00,,
2024-08-06 00:00:00,1722902400000.0,53956.26184159744
2024-08-06 04:00:00,,
2024-08-06 08:00:00,,
2024-08-06 12:00:00,,
2024-08-06 16:00:00,,
2024-08-06 20:00:00,,
2024-08-07 00:00:00,1722988800000.0,55959.84107399357
2024-08-07 04:00:00,,
2024-08-07 08:00:00,,
2024-08-07 12:00:00,,
2024-08-07 16:00:00,,
2024-08-07 20:00:00,,
2024-08-08 00:00:00,1723075200000.0,55099.95181146735
2024-08-08 04:00:00,,
2024-08-08 08:00:00,,
2024-08-08 12:00:00,,
2024-08-08 16:00:00,,
2024-08-08 20:00:00,,
2024-08-09 00:00:00,1723161600000.0,61859.03159904161
2024-08-09 04:00:00,,
2024-08-09 08:00:00,,
2024-08-09 12:00:00,,
2024-08-09 16:00:00,,
2024-08-09 20:00:00,,
2024-08-10 00:00:00,1723248000000.0,60912.588533350805
2024-08-10 04:00:00,,
2024-08-10 08:00:00,,
2024-08-10 12:00:00,,
2024-08-10 16:00:00,,
2024-08-10 20:00:00,,
2024-08-11 00:00:00,1723334400000.0,60887.70861641504
2024-08-11 04:00:00,,
2024-08-11 08:00:00,,
2024-08-11 12:00:00,,
2024-08-11 16:00:00,,
2024-08-11 20:00:00,,
2024-08-12 00:00:00,1723420800000.0,58804.23449992608
2024-08-12 04:00:00,,
2024-08-12 08:00:00,,
2024-08-12 12:00:00,,
2024-08-12 16:00:00,,
2024-08-12 20:00:00,,
2024-08-13 00:00:00,1723507200000.0,59350.07433270696
2024-08-13 04:00:00,,
2024-08-13 08:00:00,,
2024-08-13 12:00:00,,
2024-08-13 16:00:00,,
2024-08-13 20:00:00,,
2024-08-14 00:00:00,1723593600000.0,60601.22317789727
2024-08-14 04:00:00,,
2024-08-14 08:00:00,,
2024-08-14 12:00:00,,
2024-08-14 16:00:00,,
2024-08-14 20:00:00,,
2024-08-15 00:00:00,1723680000000.0,58739.19382231015
2024-08-15 04:00:00,,
2024-08-15 08:00:00,,
2024-08-15 12:00:00,,
2024-08-15 16:00:00,,
2024-08-15 20:00:00,,
2024-08-16 00:00:00,1723766400000.0,57624.11692852191
2024-08-16 04:00:00,,
2024-08-16 08:00:00,,
2024-08-16 12:00:00,,
2024-08-16 16:00:00,,
2024-08-16 20:00:00,,
2024-08-17 00:00:00,1723852800000.0,58881.92579151217
2024-08-17 04:00:00,,
2024-08-17 08:00:00,,
2024-08-17 12:00:00,,
2024-08-17 16:00:00,,
2024-08-17 20:00:00,,
2024-08-18 00:00:00,1723939200000.0,59430.79163445865
2024-08-18 04:00:00,,
2024-08-18 08:00:00,,
2024-08-18 12:00:00,,
2024-08-18 16:00:00,,
2024-08-18 20:00:00,,
2024-08-19 00:00:00,1724025600000.0,58438.293742685404
2024-08-19 04:00:00,,
2024-08-19 08:00:00,,
2024-08-19 12:00:00,,
2024-08-19 16:00:00,,
2024-08-19 20:00:00,,
2024-08-20 00:00:00,1724112000000.0,59574.945812940874
2024-08-20 04:00:00,,
2024-08-20 08:00:00,,
2024-08-20 12:00:00,,
2024-08-20 16:00:00,,
2024-08-20 20:00:00,,
2024-08-21 00:00:00,1724198400000.0,59060.12610074137
2024-08-21 04:00:00,,
2024-08-21 08:00:00,,
2024-08-21 12:00:00,,
2024-08-21 16:00:00,,
2024-08-21 20:00:00,,
2024-08-22 00:00:00,1724284800000.0,61144.68762866613
2024-08-22 04:00:00,,
2024-08-22 08:00:00,,
2024-08-22 12:00:00,,
2024-08-22 16:00:00,,
2024-08-22 20:00:00,,
2024-08-23 00:00:00,1724371200000.0,60387.54062321362
2024-08-23 04:00:00,,
2024-08-23 08:00:00,,
2024-08-23 12:00:00,,
2024-08-23 16:00:00,,
2024-08-23 20:00:00,,
2024-08-24 00:00:00,1724457600000.0,64049.68561555576
2024-08-24 04:00:00,,
2024-08-24 08:00:00,,
2024-08-24 12:00:00,,
2024-08-24 16:00:00,,
2024-08-24 20:00:00,,
2024-08-25 00:00:00,1724544000000.0,64157.1606134782
2024-08-25 04:00:00,,
2024-08-25 08:00:00,,
2024-08-25 12:00:00,,
2024-08-25 16:00:00,,
2024-08-25 20:00:00,,
2024-08-26 00:00:00,1724630400000.0,64265.81631272862
2024-08-26 04:00:00,,
2024-08-26 08:00:00,,
2024-08-26 12:00:00,,
2024-08-26 16:00:00,,
2024-08-26 20:00:00,,
2024-08-27 00:00:00,1724716800000.0,62922.58634676265
2024-08-27 04:00:00,,
2024-08-27 08:00:00,,
2024-08-27 12:00:00,,
2024-08-27 16:00:00,,
2024-08-27 20:00:00,,
2024-08-28 00:00:00,1724803200000.0,59526.560879590994
2024-08-28 04:00:00,,
2024-08-28 08:00:00,,
2024-08-28 12:00:00,,
2024-08-28 16:00:00,,
2024-08-28 20:00:00,,
2024-08-29 00:00:00,1724889600000.0,59015.29633887944
2024-08-29 04:00:00,,
2024-08-29 08:00:00,,
2024-08-29 12:00:00,,
2024-08-29 16:00:00,,
2024-08-29 20:00:00,,
2024-08-30 00:00:00,1724976000000.0,59351.5794909728
2024-08-30 04:00:00,,
2024-08-30 08:00:00,,
2024-08-30 12:00:00,,
2024-08-30 16:00:00,,
2024-08-30 20:00:00,,
2024-08-31 00:00:00,1725062400000.0,59156.246036463555
2024-08-31 04:00:00,,
2024-08-31 08:00:00,,
2024-08-31 12:00:00,,
2024-08-31 16:00:00,,
2024-08-31 20:00:00,,
2024-09-01 00:00:00,1725148800000.0,58960.23658664587
2024-09-01 04:00:00,,
2024-09-01 08:00:00,,
2024-09-01 12:00:00,,
2024-09-01 16:00:00,,
2024-09-01 20:00:00,,
2024-09-02 00:00:00,1725235200000.0,57357.71617282246
2024-09-02 04:00:00,,
2024-09-02 08:00:00,,
2024-09-02 12:00:00,,
2024-09-02 16:00:00,,
2024-09-02 20:00:00,,
2024-09-03 00:00:00,1725321600000.0,59108.73235863689
2024-09-03 04:00:00,,
2024-09-03 08:00:00,,
2024-09-03 12:00:00,,
2024-09-03 16:00:00,,
2024-09-03 20:00:00,,
2024-09-04 00:00:00,1725408000000.0,57504.538586220435
2024-09-04 04:00:00,,
2024-09-04 08:00:00,,
2024-09-04 12:00:00,,
2024-09-04 16:00:00,,
2024-09-04 20:00:00,,
2024-09-05 00:00:00,1725494400000.0,57987.84601410068
2024-09-05 04:00:00,,
2024-09-05 08:00:00,,
2024-09-05 12:00:00,,
2024-09-05 16:00:00,,
2024-09-05 20:00:00,,
2024-09-06 00:00:00,1725580800000.0,56132.404732088595
2024-09-06 04:00:00,,
2024-09-06 08:00:00,,
2024-09-06 12:00:00,,
2024-09-06 16:00:00,,
2024-09-06 20:00:00,,
2024-09-07 00:00:00,1725667200000.0,53923.35611071905
2024-09-07 04:00:00,,
2024-09-07 08:00:00,,
2024-09-07 12:00:00,,
2024-09-07 16:00:00,,
2024-09-07 20:00:00,,
2024-09-08 00:00:00,1725753600000.0,54150.9383589072
2024-09-08 04:00:00,,
2024-09-08 08:00:00,,
2024-09-08 12:00:00,,
2024-09-08 16:00:00,,
2024-09-08 20:00:00,,
2024-09-09 00:00:00,1725840000000.0,54792.40755768575
2024-09-09 04:00:00,,
2024-09-09 08:00:00,,
2024-09-09 12:00:00,,
2024-09-09 16:00:00,,
2024-09-09 20:00:00,,
2024-09-10 00:00:00,1725926400000.0,57049.118751143265
2024-09-10 04:00:00,,
2024-09-10 08:00:00,,
2024-09-10 12:00:00,,
2024-09-10 16:00:00,,
2024-09-10 20:00:00,,
2024-09-11 00:00:00,1726012800000.0,57624.16178336144
2024-09-11 04:00:00,,
2024-09-11 08:00:00,,
2024-09-11 12:00:00,,
2024-09-11 16:00:00,,
2024-09-11 20:00:00,,
2024-09-12 00:00:00,1726099200000.0,57381.764445000474
2024-09-12 04:00:00,,
2024-09-12 08:00:00,,
2024-09-12 12:00:00,,
2024-09-12 16:00:00,,
2024-09-12 20:00:00,,
2024-09-13 00:00:00,1726185600000.0,58106.951229815284
2024-09-13 04:00:00,,
2024-09-13 08:00:00,,
2024-09-13 12:00:00,,
2024-09-13 16:00:00,,
2024-09-13 20:00:00,,
2024-09-14 00:00:00,1726272000000.0,60620.62747295754
2024-09-14 04:00:00,,
2024-09-14 08:00:00,,
2024-09-14 12:00:00,,
2024-09-14 16:00:00,,
2024-09-14 20:00:00,,
2024-09-15 00:00:00,1726358400000.0,60003.29940083042
2024-09-15 04:00:00,,
2024-09-15 08:00:00,,
2024-09-15 12:00:00,,
2024-09-15 16:00:00,,
2024-09-15 20:00:00,,
2024-09-16 00:00:00,1726444800000.0,59214.80226801806
2024-09-16 04:00:00,,
2024-09-16 08:00:00,,
2024-09-16 12:00:00,,
2024-09-16 16:00:00,,
2024-09-16 20:00:00,,
2024-09-17 00:00:00,1726531200000.0,58211.123231286256
2024-09-17 04:00:00,,
2024-09-17 08:00:00,,
2024-09-17 12:00:00,,
2024-09-17 16:00:00,,
2024-09-17 20:00:00,,
2024-09-18 00:00:00,1726617600000.0,60317.0319794625
2024-09-18 04:00:00,,
2024-09-18 08:00:00,,
2024-09-18 12:00:00,,
2024-09-18 16:00:00,,
2024-09-18 20:00:00,,
2024-09-19 00:00:00,1726704000000.0,61440.41208494509
2024-09-19 04:00:00,,
2024-09-19 08:00:00,,
2024-09-19 12:00:00,,
2024-09-19 16:00:00,,
2024-09-19 20:00:00,,
2024-09-20 00:00:00,1726790400000.0,62966.52931910512
2024-09-20 04:00:00,,
2024-09-20 08:00:00,,
2024-09-20 12:00:00,,
2024-09-20 16:00:00,,
2024-09-20 20:00:00,,
2024-09-21 00:00:00,1726876800000.0,63128.224540748255
2024-09-21 04:00:00,,
2024-09-21 08:00:00,,
2024-09-21 12:00:00,,
2024-09-21 16:00:00,,
2024-09-21 20:00:00,,
2024-09-22 00:00:00,1726963200000.0,63403.402349259355
2024-09-22 04:00:00,,
2024-09-22 08:00:00,,
2024-09-22 12:00:00,,
2024-09-22 16:00:00,,
2024-09-22 20:00:00,,
2024-09-23 00:00:00,1727049600000.0,63582.59956924825
2024-09-23 04:00:00,,
2024-09-23 08:00:00,,
2024-09-23 12:00:00,,
2024-09-23 16:00:00,,
2024-09-23 20:00:00,,
2024-09-24 00:00:00,1727136000000.0,63327.02654450202
2024-09-24 04:00:00,,
2024-09-24 08:00:00,,
2024-09-24 12:00:00,,
2024-09-24 16:00:00,,
2024-09-24 20:00:00,,
2024-09-25 00:00:00,1727222400000.0,64334.14274876097
2024-09-25 04:00:00,,
2024-09-25 08:00:00,,
2024-09-25 12:00:00,,
2024-09-25 16:00:00,,
2024-09-25 20:00:00,,
2024-09-26 00:00:00,1727308800000.0,63151.89959401337
2024-09-26 04:00:00,,
2024-09-26 08:00:00,,
2024-09-26 12:00:00,,
2024-09-26 16:00:00,,
2024-09-26 20:00:00,,
2024-09-27 00:00:00,1727395200000.0,65130.76884023231
2024-09-27 04:00:00,,
2024-09-27 08:00:00,,
2024-09-27 12:00:00,,
2024-09-27 16:00:00,,
2024-09-27 20:00:00,,
2024-09-28 00:00:00,1727481600000.0,65791.00212541742
2024-09-28 04:00:00,,
2024-09-28 08:00:00,,
2024-09-28 12:00:00,,
2024-09-28 16:00:00,,
2024-09-28 20:00:00,,
2024-09-29 00:00:00,1727568000000.0,65934.10709441357
2024-09-29 04:00:00,,
2024-09-29 08:00:00,,
2024-09-29 12:00:00,,
2024-09-29 16:00:00,,
2024-09-29 20:00:00,,
2024-09-30 00:00:00,1727654400000.0,65663.68986662335
2024-09-30 04:00:00,,
2024-09-30 08:00:00,,
2024-09-30 12:00:00,,
2024-09-30 16:00:00,,
2024-09-30 20:00:00,,
2024-10-01 00:00:00,1727740800000.0,63243.27532464382
